before,Artist,Group,Num of Gallery,Main url,공통
(여자)아이들,(여자)아이들 ((G)I-DLE),A,3,https://gall.dcinside.com/mgallery/board/lists/?id=gidlevapp&page=1,1
2NE1,2NE1,C,2,https://gall.dcinside.com/board/lists/?id=2NE1&page=1,1
B.A.P,B.A.P,B,1,https://gall.dcinside.com/board/lists/?id=bap&page=1,1
JBJ,JBJ,B,5,https://gall.dcinside.com/mgallery/board/lists/?id=jbj&page=1,1
WayV,WayV,A,4,https://gall.dcinside.com/mgallery/board/lists/?id=wayv&page=1,1
GOT7 (갓세븐),갓세븐 (GOT7),B,3,https://gall.dcinside.com/board/lists/?id=got7&page=1,1
골든차일드,골든차일드,B,2,https://gall.dcinside.com/mgallery/board/lists/?id=goldenchild&page=1,1
나연 (TWICE),나연,B,3,https://gall.dcinside.com/board/lists/?id=nayeone&page=1,1
NewJeans,뉴진스 (NewJeans),A,55,https://gall.dcinside.com/mgallery/board/lists/?id=newjeans&page=1,1
더보이즈 (THE BOYZ),더보이즈(THE BOYZ),B,18,https://gall.dcinside.com/mgallery/board/lists/?id=theboyz&page=1,1
DAY6 (데이식스),데이식스(DAY6),B,5,https://gall.dcinside.com/board/lists/?id=day6&page=1,1
드림캐쳐,드림캐쳐,B,5,https://gall.dcinside.com/mgallery/board/lists/?id=dccompany&page=1,1
RIIZE,라이즈 (RIIZE),A,3,https://gall.dcinside.com/mgallery/board/lists/?id=riize&page=1,1
러블리즈,러블리즈,B,10,https://gall.dcinside.com/board/lists/?id=lovelyz&page=1,1
로제 (ROSE),로제 (ROSE),B,2,https://gall.dcinside.com/mgallery/board/lists/?id=rose&page=1,1
LE SSERAFIM (르세라핌),르세라핌 (LE SSERAFIM),A,13,https://gall.dcinside.com/mgallery/board/lists/?id=lesserafim&page=1,1
리사 (LISA),리사 (LISA),B,5,https://gall.dcinside.com/mgallery/board/lists/?id=lisa&page=1,1
마마무 (Mamamoo),마마무 (Mamamoo),B,1,https://gall.dcinside.com/board/lists/?id=mamamoo&page=1,1
몬스타엑스,몬스타엑스,B,5,https://gall.dcinside.com/board/lists/?id=monstax&page=1,1
방탄소년단,방탄소년단,B,19,https://gall.dcinside.com/board/lists/?id=bts&page=1,1
BOYNEXTDOOR,보이넥스트도어 (BOYNEXTDOOR),A,5,https://gall.dcinside.com/mgallery/board/lists/?id=boynextdoor&page=1,1
블락비 (Block B),블락비 (Block B),C,1,https://gall.dcinside.com/board/lists/?id=blockb&page=1,1
B1A4,비원에이포 (B1A4),C,2,https://gall.dcinside.com/board/lists/?id=b1a4&page=1,1
비투비,비투비 (BTOB),B,4,https://gall.dcinside.com/board/lists/?id=btob&page=1,1
BIGBANG (빅뱅),빅뱅 (BIGBANG),D,13,https://gall.dcinside.com/mgallery/board/lists/?id=bigbangvip,1
VICTON (빅톤),빅톤 (VICTON),B,3,https://gall.dcinside.com/mgallery/board/lists/?id=victon161109&page=1,1
SHINee (샤이니),샤이니 (SHINee),D,1,https://gall.dcinside.com/board/lists/?id=shinee_new,1
세븐틴 (SEVENTEEN),세븐틴 (SEVENTEEN),B,19,https://gall.dcinside.com/board/lists/?id=seventeen&page=1,1
솔라 (마마무),솔라 (마마무),B,1,https://gall.dcinside.com/mgallery/board/lists/?id=mamamoosolar&page=1,1
SuperM,슈퍼엠 (SuperM),A,1,https://gall.dcinside.com/mgallery/board/lists/?id=superm&page=1,1
SUPER JUNIOR (슈퍼주니어),슈퍼주니어 (Super Junior),D,2,https://gall.dcinside.com/board/lists/?id=superj,1
STAYC(스테이씨),스테이씨 (STAYC),A,25,https://gall.dcinside.com/mgallery/board/lists/?id=stayc&page=1,1
슬기,슬기 (SEULGI),A,4,https://gall.dcinside.com/board/lists/?id=seulgi&page=1,1
CIX (씨아이엑스),씨아이엑스 (CIX),A,7,https://gall.dcinside.com/mgallery/board/lists/?id=c9boyz&page=1,1
CNBLUE (씨엔블루),씨엔블루 (CNBLUE),C,1,https://gall.dcinside.com/board/lists/?id=cnblue&page=1,1
ASTRO (아스트로),아스트로(ASTRO),B,14,https://gall.dcinside.com/mgallery/board/lists/?id=astro&page=1,1
IVE (아이브),아이브 (IVE),A,46,https://gall.dcinside.com/mgallery/board/lists/?id=iveon&page=1,1
아이오아이 (I.O.I),아이오아이 (I.O.I),B,6,https://gall.dcinside.com/board/lists/?id=ioi&page=1,1
IZ*ONE (아이즈원),아이즈원 (IZ*ONE),A,98,https://gall.dcinside.com/board/lists/?id=top12&page=1,1
업텐션 (UP10TION),업텐션 (UP10TION),B,4,https://gall.dcinside.com/mgallery/board/lists/?id=up10tion&page=1,1
SF9,에스에프나인 (SF9),B,13,https://gall.dcinside.com/mgallery/board/lists/?id=sf9&page=1,1
aespa,에스파 (aespa),A,30,https://gall.dcinside.com/mgallery/board/lists/?id=aespa_reality&page=1,1
AB6IX (에이비식스),에이비식스(AB6IX),A,2,https://gall.dcinside.com/mgallery/board/lists/?id=brandnewboys&page=1,1
AOA,에이오에이 (AOA),B,3,https://gall.dcinside.com/board/lists/?id=aoa&page=1,1
Apink (에이핑크),에이핑크 (Apink),C,5,https://gall.dcinside.com/board/lists/?id=apink&page=1,1
EXO,엑소 (EXO),B,9,https://gall.dcinside.com/board/lists/?id=exo_new&page=1,1
X1 (엑스원),엑스원 (X1),A,9,https://gall.dcinside.com/mgallery/board/lists/?id=top11&page=1,1
NMIXX,엔믹스 (NMIXX),A,15,https://gall.dcinside.com/mgallery/board/lists/?id=nmixx&page=1,1
NCT,엔시티 (NCT),B,45,https://gall.dcinside.com/board/lists/?id=nct&page=1,1
여자친구 (GFRIEND),여자친구 (GFRIEND),B,5,https://gall.dcinside.com/board/lists/?id=gf&page=1,1
오마이걸 (OH MY GIRL),오마이걸 (OH MY GIRL),B,6,https://gall.dcinside.com/mgallery/board/lists/?id=omgvlive&page=1,1
우주소녀,우주소녀,B,5,https://gall.dcinside.com/board/lists/?id=cosmicgirl&page=1,1
Wanna One (워너원),워너원 (Wanna One),B,11,https://gall.dcinside.com/board/lists/?id=wannaone&page=1,1
원어스 (ONEUS),원어스(ONEUS),A,4,https://gall.dcinside.com/mgallery/board/lists/?id=oneus&page=1,1
원호,원호 (WONHO),A,1,https://gall.dcinside.com/mgallery/board/lists/?id=wonho&page=1,1
웬디 (WENDY) (손승완),웬디 (WENDY),B,3,https://gall.dcinside.com/board/lists/?id=wendy&page=1,1
WINNER,위너(WINNER),B,17,https://gall.dcinside.com/board/lists/?id=winner&page=1,1
이달의 소녀,이달의 소녀,A,28,https://gall.dcinside.com/mgallery/board/lists/?id=girlsofthemonth&page=1,1
EVNNE(이븐),이븐(EVNNE),A,2,https://gall.dcinside.com/mini/board/lists/?id=planetblit&page=1,1
인피니트,인피니트 (Infinite),C,4,https://gall.dcinside.com/board/lists/?id=infinite&page=1,1
ITZY (있지),있지 (ITZY),A,21,https://gall.dcinside.com/mgallery/board/lists/?id=itzy&page=1,1
ZEROBASEONE (제로베이스원),제로베이스원 (ZEROBASEONE),A,4,https://gall.dcinside.com/mgallery/board/lists/?id=bp1debut&page=1,1
종현 (JONGHYUN) (김종현),종현 (JONGHYUN),D,1,https://gall.dcinside.com/mgallery/board/lists/?id=shineejonghyun,1
지효 (TWICE),지효,B,2,https://gall.dcinside.com/mgallery/board/lists/?id=jihyo&page=1,1
카라,카라 (KARA),D,1,https://gall.dcinside.com/board/lists/?id=kara,1
Kep1er (케플러),케플러(Kep1er),A,15,https://gall.dcinside.com/mgallery/board/lists/?id=kep1er&page=1,1
태용 (TAEYONG),태용 (TAEYONG),B,2,https://gall.dcinside.com/mgallery/board/lists/?id=tylee&page=1,1
2PM,투피엠 (2PM),D,6,https://gall.dcinside.com/board/lists/?id=2PM,1
TREASURE (트레저),트레저 (TREASURE),A,2,https://gall.dcinside.com/mgallery/board/lists/?id=ygtreasure&page=1,1
TWICE (트와이스),트와이스(TWICE),B,25,https://gall.dcinside.com/board/lists/?id=twice_new&page=1,1
티아라,티아라 (T-ara),C,5,https://gall.dcinside.com/board/lists/?id=t_ara&page=1,1
펜타곤,펜타곤 (PENTAGON),B,6,https://gall.dcinside.com/board/lists/?id=pentagon&page=1,1
프로미스나인,프로미스나인 (fromis_9),A,30,https://gall.dcinside.com/mgallery/board/lists/?id=fromis&page=1,1
2am,2am,D,1,https://gall.dcinside.com/board/lists/?id=2AM,0
DKZ,DKZ,A,7,https://gall.dcinside.com/mgallery/board/lists/?id=donkiz&page=1,0
EXID,EXID,B,3,https://gall.dcinside.com/board/lists/?id=exid&page=1,0
EXO-K,EXO-K,B,2,https://gall.dcinside.com/board/lists/?id=exok&page=1,0
EXO-M,EXO-M,B,1,https://gall.dcinside.com/board/lists/?id=exom&page=1,0
FTISLAND (FT아일랜드),FT아일랜드 (FTISLAND),D,2,https://gall.dcinside.com/board/lists/?id=ftisland,0
GD X TAEYANG,GD X TAEYANG,B,0,,0
GD&TOP,"GD, TOP",D,1,https://gall.dcinside.com/mgallery/board/lists/?id=wlelxkq,0
JBJ95,JBJ95,A,1,https://gall.dcinside.com/mgallery/board/lists/?id=kgkg&page=1,0
JJ Project,JJ Project,B,2,https://gall.dcinside.com/mgallery/board/lists/?id=jjproject&page=1,0
JYJ,JYJ,C,1,https://gall.dcinside.com/board/lists/?id=jyj&page=1,0
MOBB (MINO & BOBBY),"MOBB (MINO,BOBBY)",B,1,https://gall.dcinside.com/mgallery/board/lists/?id=mobb&page=1,0
MXM,MXM (BRANDNEW BOYS),A,1,https://gall.dcinside.com/mgallery/board/lists/?id=mxmvlive&page=1,0
NCT 127,NCT 127,B,3,https://gall.dcinside.com/mgallery/board/lists/?id=nct127&page=1,0
NCT 도재정,NCT 도재정,A,2,https://gall.dcinside.com/mgallery/board/lists/?id=dojaejung&page=1,0
SS501,SS501,D,1,https://gall.dcinside.com/board/lists/?id=ss501,0
god,god,E,1,https://gall.dcinside.com/board/lists/?id=god&page=1,0
강다니엘,강다니엘,A,6,https://gall.dcinside.com/board/lists/?id=kdani&page=1,0
강승윤,강승윤,B,5,https://gall.dcinside.com/board/lists/?id=ksy&page=1,0
걸스데이,걸스데이 (Girl's Day),C,2,https://gall.dcinside.com/board/lists/?id=girlsday&page=1,0
구구단 (gugudan),구구단 (gugudan),B,2,https://gall.dcinside.com/board/lists/?id=gx9&page=1,0
G-DRAGON (권지용),권지용(G-Dragon),D,4,https://gall.dcinside.com/board/lists/?id=Gdragon,0
규현 (KYUHYUN) (조규현),규현 (KYUHYUN),D,1,https://gall.dcinside.com/mgallery/board/lists/?id=shkim,0
기현 (몬스타엑스),기현,B,1,https://gall.dcinside.com/mgallery/board/lists/?id=kihyun&page=1,0
김성규,김성규,C,1,https://gall.dcinside.com/mgallery/board/lists/?id=sungkyu89&page=1,0
김우석,김우석,A,17,https://gall.dcinside.com/mgallery/board/lists/?id=woosukkim&page=1,0
김재중,김재중 (JYJ),B,4,https://gall.dcinside.com/board/lists/?id=jaejoong&page=1,0
김재환,김재환,A,2,https://gall.dcinside.com/mgallery/board/lists/?id=kimjaehwan&page=1,0
JINU (김진우),김진우 (JINU),B,1,https://gall.dcinside.com/mgallery/board/lists/?id=jinwoo0926&page=1,0
김현중,김현중,D,1,https://gall.dcinside.com/board/lists/?id=khj,0
남우현,남우현,C,1,https://gall.dcinside.com/mgallery/board/lists/?id=namwoohyun&page=1,0
뉴이스트,뉴이스트 (NU`EST),B,7,https://gall.dcinside.com/board/lists/?id=nuest&page=1,0
뉴이스트 W,뉴이스트 W,B,1,https://gall.dcinside.com/mgallery/board/lists/?id=nuestw&page=1,0
니엘 (틴탑) (안다니엘),니엘 (NIEL),E,1,https://gall.dcinside.com/mgallery/board/lists/?id=niel&page=1,0
다비치,다비치,D,4,https://gall.dcinside.com/mgallery/board/lists/?id=davichichord,0
동방신기 (TVXQ!),동방신기 (TVXQ!),E,4,https://gall.dcinside.com/board/lists/?id=dongbang_new&page=1,0
도경수(D.O.),디오 (D.O.),B,2,https://gall.dcinside.com/mgallery/board/lists/?id=dohkyungsoo&page=1,0
Red Velvet (레드벨벳),레드벨벳(Red Velvet),B,11,https://gall.dcinside.com/board/lists/?id=redvelvet&page=1,0
레드벨벳-아이린&슬기,레드벨벳-아이린&슬기,B,1,https://gall.dcinside.com/mgallery/board/lists/?id=seulrene&page=1,0
레인보우,레인보우 (Rainbow),C,3,https://gall.dcinside.com/board/lists/?id=rainbow&page=1,0
려욱 (RYEOWOOK) (김려욱),려욱 (RYEOWOOK),D,1,https://gall.dcinside.com/mgallery/board/lists/?id=ryeowook,0
로이킴 (김상우),로이킴,B,2,https://gall.dcinside.com/board/lists/?id=roykim&page=1,0
문빈,문빈,B,1,https://gall.dcinside.com/mgallery/board/lists/?id=astrokpop&page=1,0
미쓰에이,미쓰에이(miss A),C,2,https://gall.dcinside.com/board/lists/?id=missa&page=1,0
SUGA (민윤기),민윤기 (SUGA),B,22,https://gall.dcinside.com/mgallery/board/lists/?id=suga&page=1,0
박유천,박유천,C,1,https://gall.dcinside.com/board/lists/?id=pyc&page=1,0
박재범,박재범,D,1,https://gall.dcinside.com/board/lists/?id=pjb,0
박지훈,박지훈,A,1,https://gall.dcinside.com/board/lists/?id=winkgall&page=1,0
배진영 (CIX),배진영,B,2,https://gall.dcinside.com/mgallery/board/lists/?id=baejinyoung&page=1,0
백현 (BAEKHYUN),백현 (BAEKHYUN),B,11,https://gall.dcinside.com/board/lists/?id=baekhyun&page=1,0
뱀뱀 (BamBam) (Kunpimook Bhuwakul),뱀뱀 (BamBam),B,2,https://gall.dcinside.com/mgallery/board/lists/?id=bambam&page=1,0
보아 (BoA) (권보아),보아 (BoA),E,2,https://gall.dcinside.com/board/lists/?id=boa&page=1,0
부석순 (SEVENTEEN),부석순 (SEVENTEEN),B,1,https://gall.dcinside.com/mgallery/board/lists/?id=bss&page=1,0
V (김태형),뷔 (V),B,23,https://gall.dcinside.com/mgallery/board/lists/?id=btsv&page=1,0
브라운 아이드 소울,브라운 아이드 소울 (Brown Eyed Soul),E,1,https://gall.dcinside.com/mgallery/board/lists/?id=djsksishendodo&page=1,0
브라운아이드걸스,브라운아이드걸스,D,1,https://gall.dcinside.com/board/lists/?id=browneyedgirls,0
BLACKPINK,블랙핑크 (BLACKPINK),B,29,https://gall.dcinside.com/board/lists/?id=blackpink&page=1,0
비스트,비스트 (Beast),C,1,https://gall.dcinside.com/board/lists/?id=B2ST&page=1,0
VIXX (빅스),빅스 (VIXX),B,6,https://gall.dcinside.com/board/lists/?id=vixx&page=1,0
빅스LR,빅스LR,B,0,,0
사무엘 (Samuel),사무엘 (Samuel),B,2,https://gall.dcinside.com/mgallery/board/lists/?id=kim&page=1,0
서태지 (정현철),서태지,E,2,https://gall.dcinside.com/board/lists/?id=seotaiji&page=1,0
서현 (SEOHYUN),서현 (SEOHYUN),D,2,https://gall.dcinside.com/board/lists/?id=seojuhyun,0
SE7EN,세븐 (SE7EN),E,1,https://gall.dcinside.com/board/lists/?id=seven&page=1,0
세훈 (SEHUN) (오세훈),세훈 (SEHUN),B,1,https://gall.dcinside.com/mgallery/board/lists/?id=ohsehoon&page=1,0
소녀시대 (GIRLS' GENERATION),소녀시대 (GIRLS' GENERATION),D,4,https://gall.dcinside.com/board/lists/?id=girlsgeneration_new,0
소녀시대-태티서 (Girls' Generation-TTS),소녀시대-태티서 (Girls` Generation-TTS),D,1,https://gall.dcinside.com/mgallery/board/lists/?id=tts,0
MINO (송민호),송민호 (MINO),B,3,https://gall.dcinside.com/mgallery/board/lists/?id=mino0330&page=1,0
수지 (Suzy) (배수지),수지(Suzy),C,3,https://gall.dcinside.com/board/lists/?id=suzy&page=1,0
수호 (SUHO) (김준면),수호 (SUHO),B,2,https://gall.dcinside.com/mgallery/board/lists/?id=suho&page=1,0
Stray Kids (스트레이 키즈),스트레이 키즈 (Stray Kids),A,5,https://gall.dcinside.com/mini/board/lists/?id=skz&page=1,0
승리 (이승현),승리,D,1,https://gall.dcinside.com/board/lists/?id=victory&page=2,0
시우민 (XIUMIN),시우민 (XIUMIN),B,1,https://gall.dcinside.com/mgallery/board/lists/?id=xiumin&page=1,0
시크릿,시크릿 (Secret),C,1,https://gall.dcinside.com/board/lists/?id=secret&page=1,0
신혜성 (정필교),신혜성,E,1,https://gall.dcinside.com/mgallery/board/lists/?id=hyesung&page=1,0
신화,신화,E,2,https://gall.dcinside.com/board/lists/?id=shinhwa&page=1,0
싸이 (PSY),싸이 (PSY),E,1,https://gall.dcinside.com/board/lists/?id=psy&page=1,0
xikers(싸이커스),싸이커스(xikers),A,1,https://gall.dcinside.com/mgallery/board/lists/?id=xikers&page=1,0
씨스타,씨스타 (Sistar),C,2,https://gall.dcinside.com/board/lists/?id=sistar&page=1,0
아이유 (이지은),아이유 (IU),D,11,https://gall.dcinside.com/board/lists/?id=iu_new,0
iKON,아이콘 (iKON),B,3,https://gall.dcinside.com/board/lists/?id=teamb&page=1,0
AKMU (악뮤),악뮤 (AKMU),B,3,https://gall.dcinside.com/board/lists/?id=akdong&page=1,0
RM (김남준),알엠 (RM),B,1,https://gall.dcinside.com/mgallery/board/lists/?id=rapmon&page=1,0
애프터스쿨,애프터스쿨 (After School),C,4,https://gall.dcinside.com/board/lists/?id=afterschool&page=1,0
양요섭,양요섭,C,1,https://gall.dcinside.com/mgallery/board/lists/?id=yangyoseob&page=1,0
ATEEZ (에이티즈),에이티즈 (ATEEZ),A,8,https://gall.dcinside.com/mgallery/board/lists/?id=ateez&page=1,0
NCT DREAM,엔시티 드림(NCT DREAM),B,1,https://gall.dcinside.com/mgallery/board/lists/?id=nctdream&page=1,0
n.SSign (엔싸인),엔싸인 (n.SSign),A,1,https://gall.dcinside.com/mgallery/board/lists/?id=nssign&page=1,0
엔플라잉 (N.Flying),엔플라잉 (N.Flying),B,1,https://gall.dcinside.com/mgallery/board/lists/?id=nflying&page=1,0
엔하이픈 (ENHYPEN),엔하이픈(ENHYPEN),A,19,https://gall.dcinside.com/mgallery/board/lists/?id=ilandiland&page=1,0
Amber Liu (엠버) (Amber J. Liu),엠버 (AMBER),C,1,https://gall.dcinside.com/board/lists/?id=amber0918&page=1,0
엠블랙,엠블랙 (MBLAQ),C,1,https://gall.dcinside.com/board/lists/?id=MBLAQ&page=1,0
예성 (YESUNG) (김종운),예성 (YESUNG),D,1,https://gall.dcinside.com/mgallery/board/lists/?id=yesex,0
온앤오프 (ONF),온앤오프 (ONF),B,6,https://gall.dcinside.com/mgallery/board/lists/?id=onf&page=1,0
온유 (ONEW) (이진기),온유 (ONEW),D,3,https://gall.dcinside.com/mgallery/board/lists/?id=onew,0
용국&시현,용국&시현,A,1,https://gall.dcinside.com/mgallery/board/lists/?id=longuonshihyun&page=1,0
용준형,용준형,C,1,https://gall.dcinside.com/mgallery/board/lists/?id=hlyjh&page=1,0
원더걸스,원더걸스 (Wonder Girls),D,5,https://gall.dcinside.com/board/lists/?id=wondergirls_new,0
위아이 (WEi),위아이 (WEi),A,2,https://gall.dcinside.com/mgallery/board/lists/?id=ouiwei&page=1,0
위키미키 (Weki Meki),위키미키 (Weki Meki),B,2,https://gall.dcinside.com/mgallery/board/lists/?id=wekimeki&page=1,0
유노윤호 (U-KNOW) (정윤호),유노윤호 (U-KNOW),E,3,https://gall.dcinside.com/board/lists/?id=uknow&page=1,0
UNB,유앤비 (UNB),A,1,https://gall.dcinside.com/mgallery/board/lists/?id=unitb&page=1,0
유키스,유키스 (U-Kiss),D,1,https://gall.dcinside.com/board/lists/?id=ukiss,0
윤아 (YOONA) (임윤아),윤아 (YOONA),D,4,https://gall.dcinside.com/board/lists/?id=yoona,0
윤하 (YOUNHA) (고윤하),윤하,D,6,https://gall.dcinside.com/board/lists/?id=yunha,0
은지원,은지원,E,1,https://gall.dcinside.com/board/lists/?id=eunjiwon&page=1,0
이진혁,이진혁,A,7,https://gall.dcinside.com/mgallery/board/lists/?id=jinhyeok&page=1,0
이하이,이하이,B,1,https://gall.dcinside.com/board/lists/?id=leehi&page=1,0
이홍기 (FT아일랜드),이홍기,D,1,https://gall.dcinside.com/mgallery/board/lists/?id=modoobrini,0
이효리,이효리,E,8,https://gall.dcinside.com/board/lists/?id=leehyolee&page=1,0
장우영,장우영,D,1,https://gall.dcinside.com/mgallery/board/lists/?id=jwy,0
ABLE (장현승),장현승,C,1,https://gall.dcinside.com/mgallery/board/lists/?id=hs&page=1,0
Jus2 (저스투),저스투 (Jus2),B,0,,0
전진 (박충재),전진,E,2,https://gall.dcinside.com/mgallery/board/lists/?id=junjinpark&page=1,0
전효성,전효성,C,2,https://gall.dcinside.com/mgallery/board/lists/?id=junhyoseong&page=1,0
정국 (전정국),정국,B,23,https://gall.dcinside.com/mgallery/board/lists/?id=jungkook&page=1,0
정세운,정세운,B,2,https://gall.dcinside.com/mgallery/board/lists/?id=jungsewoon&page=1,0
정용화,정용화 (Jung Yong Hwa),C,1,https://gall.dcinside.com/board/lists/?id=jyh&page=1,0
정은지,정은지,B,3,https://gall.dcinside.com/board/lists/?id=ej&page=1,0
제국의아이들 (ZE:A),제국의아이들 (ZE:A),C,1,https://gall.dcinside.com/board/lists/?id=starempire&page=1,0
제니 (JENNIE),제니 (JENNIE),B,2,https://gall.dcinside.com/mgallery/board/lists/?id=jennie&page=1,0
Jessica (제시카) (정수연),제시카 (Jessica),D,1,https://gall.dcinside.com/board/lists/?id=Jessica,0
j-hope (정호석),제이홉(j-hope),B,6,https://gall.dcinside.com/mgallery/board/lists/?id=jhope&page=1,0
젝스키스,젝스키스,E,2,https://gall.dcinside.com/board/lists/?id=6kies&page=1,0
WOODZ,조승연(WOODZ),A,2,https://gall.dcinside.com/mgallery/board/lists/?id=woodzyoutube&page=1,0
준케이 (JUN. K) (김민준),준케이 (JUN. K),D,1,https://gall.dcinside.com/mgallery/board/lists/?id=rlaalswnswkd,0
지민 (박지민),지민,B,37,https://gall.dcinside.com/mgallery/board/lists/?id=btsjimin&page=1,0
지수 (JISOO),지수 (JISOO),B,39,https://gall.dcinside.com/mgallery/board/lists/?id=jisoo95&page=1,0
지코 (ZICO),지코 (ZICO),C,3,https://gall.dcinside.com/board/lists/?id=zico&page=1,0
진 (김석진),진 (JIN),B,2,https://gall.dcinside.com/mgallery/board/lists/?id=jin&page=1,0
첸 (CHEN),첸 (CHEN),B,1,https://gall.dcinside.com/mgallery/board/lists/?id=chen&page=1,0
EXO-CBX (첸백시),첸백시 (EXO-CBX),B,1,https://gall.dcinside.com/mgallery/board/lists/?id=exo_cbx&page=1,0
초신성,초신성,D,1,https://gall.dcinside.com/mgallery/board/lists/?id=choshinsei,0
최강창민 (MAX CHANGMIN) (심창민),최강창민 (MAX CHANGMIN),E,1,https://gall.dcinside.com/board/lists/?id=changmin&page=1,0
카이 (KAI),카이 (KAI),B,1,https://gall.dcinside.com/mgallery/board/lists/?id=kimjongin&page=1,0
CRAVITY,크레비티 (CRAVITY),A,4,https://gall.dcinside.com/mgallery/board/lists/?id=cravity&page=1,0
키 (KEY),키 (KEY),D,1,https://gall.dcinside.com/mgallery/board/lists/?id=ddirori,0
T.O.P (최승현),탑 (T.O.P),D,1,https://gall.dcinside.com/board/lists/?id=top,0
태민 (TAEMIN),태민 (TAEMIN),D,2,https://gall.dcinside.com/mgallery/board/lists/?id=taemin,0
태양 (동영배),태양,D,1,https://gall.dcinside.com/board/lists/?id=youngbae,0
태연 (TAEYEON),태연 (TAEYEON),D,4,https://gall.dcinside.com/board/lists/?id=taeyeon_new1,0
투모로우바이투게더,투모로우바이투게더,A,3,https://gall.dcinside.com/mgallery/board/lists/?id=txt&page=1,0
"투하트 (우현, 키)","투하트(우현,키)",B,2,https://gall.dcinside.com/mgallery/board/lists/?id=toheart2&page=1,0
Tiffany Young,티파니 (TIFFANY),D,4,https://gall.dcinside.com/board/lists/?id=tiffany,0
틴탑,틴탑 (Teen Top),C,2,https://gall.dcinside.com/board/lists/?id=teentop&page=1,0
4minute,포미닛(4Minute),C,1,https://gall.dcinside.com/board/lists/?id=4minute&page=1,0
PRISTIN (프리스틴),프리스틴 (PRISTIN),B,5,https://gall.dcinside.com/board/lists/?id=pledis&page=1,0
플라이 투 더 스카이,플라이 투 더 스카이 (Fly To The Sky),E,1,https://gall.dcinside.com/board/lists/?id=flytothesky&page=1,0
PLAVE,플레이브 (PLAVE),A,11,https://gall.dcinside.com/mgallery/board/lists/?id=plave&page=1,0
P1Harmony,피원하모니(P1Harmony),A,5,https://gall.dcinside.com/mgallery/board/lists/?id=p1harmony&page=1,0
하성운,하성운,A,1,https://gall.dcinside.com/mgallery/board/lists/?id=nebula&page=1,0
하이라이트 (HIGHLIGHT),하이라이트(Highlight),C,2,https://gall.dcinside.com/board/lists/?id=highlight&page=1,0
한승우,한승우,A,11,https://gall.dcinside.com/mgallery/board/lists/?id=19941224&page=1,0
허영생,허영생,D,1,https://gall.dcinside.com/mgallery/board/lists/?id=heoys,0
헨리 (HENRY) (Henry Lau),헨리 (Henry),D,1,https://gall.dcinside.com/board/lists/?id=henry,0
히스토리,히스토리 (HISTORY),B,1,https://gall.dcinside.com/board/lists/?id=hstorye&page=1,0
